wavelength_nm,R,G,B
340,0.0,0.0,0.0
350,0.0,0.0,0.0
360,0.0,0.0,0.0
370,0.0,0.0,0.0
380,0.0,0.0,0.0
390,0.0,0.0,0.0
400,0.0,0.0,0.0
410,0.0,0.0,0.0
420,0.0,0.0,4.0
430,0.0,0.0,65.92
440,0.0,0.0,100.0
450,0.0,0.0,81.66
460,0.0,0.0,41.69
470,0.0,0.0,10.96
480,0.0,0.0,0.79
490,0.0,0.0,0.04
500,0.0,0.04,0.0
510,0.0,6.64,0.0
520,0.0,60.53,0.0
530,0.0,100.0,0.0
540,0.0,80.54,0.0
550,0.0,44.06,0.0
560,0.0,16.63,0.0
570,0.0,4.06,0.0
580,0.0,0.58,0.0
590,0.0,0.04,0.0
600,0.37,0.0,0.0
610,43.45,0.0,0.0
620,100.0,0.0,0.0
630,74.3,0.0,0.0
640,40.18,0.0,0.0
650,19.32,0.0,0.0
660,7.94,0.0,0.0
670,3.56,0.0,0.0
680,1.46,0.0,0.0
690,0.6,0.0,0.0
700,0.24,0.0,0.0
710,0.09,0.0,0.0
720,0.04,0.0,0.0
730,0.01,0.0,0.0
740,0.01,0.0,0.0
750,0.0,0.0,0.0
760,0.0,0.0,0.0
770,0.0,0.0,0.0
780,0.0,0.0,0.0
790,0.0,0.0,0.0
800,0.0,0.0,0.0
810,0.0,0.0,0.0
820,0.0,0.0,0.0
830,0.0,0.0,0.0
